Data_Size,Insert_Time_Seconds,Search_Time_Seconds,Delete_Time_Seconds
10000,0.001366,0.000818,0.001154
50000,0.008728,0.005669,0.007451
100000,0.021591,0.014417,0.018012
200000,0.048948,0.036140,0.043073
